"0","press_rawdata <- process_data(press, col1 = ""device timestamps"", col2 = ""pressure"")
"
"2","Warning: Column names not found in the data frame."
"2","Warning: Column names not found in the data frame."
"2","Warning: Column names not found in the data frame."
"2","Warning: Column names not found in the data frame."
"2","Warning: Column names not found in the data frame."
"2","Warning: Column names not found in the data frame."
"2","Warning: Column names not found in the data frame."
"2","Warning: Column names not found in the data frame."
"2","Warning: Column names not found in the data frame."
"2","Warning: Column names not found in the data frame."
"2","Warning: Column names not found in the data frame."
"2","Warning: Column names not found in the data frame."
